bloco_MB,operacao,media
100,alloc_ms,42.004934
100,write_ms,58.347714
100,read_ms,253.044000
100,free_ms,3.706087
200,alloc_ms,78.570290
200,write_ms,114.894002
200,read_ms,499.715279
200,free_ms,6.840589
300,alloc_ms,116.645162
300,write_ms,171.709451
300,read_ms,747.935619
300,free_ms,9.969418
400,alloc_ms,165.974904
400,write_ms,243.501468
400,read_ms,1095.844884
400,free_ms,14.481434
500,alloc_ms,212.174939
500,write_ms,310.324053
500,read_ms,1402.045529
500,free_ms,18.447335
600,alloc_ms,230.835264
600,write_ms,339.734381
600,read_ms,1522.827111
600,free_ms,19.255206
700,alloc_ms,268.695575
700,write_ms,399.031719
700,read_ms,1771.882303
700,free_ms,22.402239
800,alloc_ms,308.774001
800,write_ms,458.733555
800,read_ms,2027.795123
800,free_ms,25.803367
900,alloc_ms,344.243598
900,write_ms,515.006752
900,read_ms,2263.637853
900,free_ms,28.560601
1000,alloc_ms,384.924976
1000,write_ms,576.654610
1000,read_ms,2541.324881
1000,free_ms,31.939944
