bloco_MB,teste,alloc_ms,write_ms,read_ms,free_ms
100,1,19.403300,51.665300,358.777400,8.846100
100,2,21.082800,56.541000,493.414100,9.750700
100,3,34.303800,63.302400,411.393700,8.960900
100,4,16.097600,56.313300,370.280300,9.675800
100,5,17.844200,58.013800,352.517700,7.809300
100,6,17.907600,56.886300,347.597500,9.110100
100,7,18.473000,56.749700,338.720700,9.194800
100,8,18.830600,50.778000,336.211200,8.298300
100,9,25.879800,65.250200,355.280000,7.614600
100,10,17.446900,50.481600,336.311100,7.732300
100,11,18.321100,59.640500,343.420100,8.511100
100,12,15.469600,54.192700,336.580200,8.018900
100,13,18.138600,59.282700,344.202100,8.477600
100,14,14.923400,50.604500,335.497900,7.796600
100,15,19.432900,60.290100,347.838600,8.302700
100,16,19.602500,53.373000,332.186700,9.818600
100,17,18.352600,58.352400,334.034400,9.097200
100,18,27.692900,54.367000,336.194700,7.899900
100,19,19.751900,52.363600,338.548100,7.853000
100,20,61.771800,70.129300,339.174100,7.207400
100,21,15.161200,53.821300,388.142900,7.267100
100,22,20.028300,62.807700,336.661200,8.571800
100,23,17.457800,53.417400,333.306100,7.826700
100,24,22.828000,61.424000,340.961500,8.692800
100,25,20.108400,50.251100,338.202200,8.200200
100,26,17.127000,60.607500,345.364600,7.733700
100,27,22.431900,54.390700,334.688100,8.656900
100,28,11.235800,52.482900,342.092900,8.419800
100,29,20.671900,51.958800,335.215300,10.182600
100,30,19.127300,54.237100,338.562000,8.728800
100,31,19.064500,55.479900,338.662900,7.301700
100,32,14.003700,53.599900,333.682100,7.732600
100,33,22.232800,57.246400,338.255300,8.272000
100,34,14.074700,53.020400,338.245800,7.605700
100,35,18.379700,61.890600,338.550800,7.765800
100,36,15.597600,55.924900,333.965300,7.998200
100,37,23.478700,59.245800,340.607200,9.582000
100,38,16.613600,51.820900,333.610000,7.820600
100,39,27.332800,57.709300,345.093000,7.978100
100,40,17.629900,50.825200,338.543100,7.384200
100,41,17.288200,60.199300,334.034400,9.222700
100,42,20.495600,58.589800,335.515600,8.102400
100,43,14.965300,53.092300,333.961700,8.536900
100,44,20.180500,60.715900,336.692200,8.038500
100,45,17.609300,53.686200,332.162900,8.489000
100,46,17.148000,73.228300,337.787000,7.892100
100,47,20.761600,50.258900,338.988100,8.401900
100,48,23.161300,56.785700,342.327600,14.721700
100,49,14.948300,55.513200,334.330800,8.164200
100,50,22.024600,57.864100,341.679500,7.673000
100,51,14.621400,51.395300,333.652800,8.350000
100,52,19.558600,60.284500,341.447300,8.568500
100,53,15.697300,53.999000,338.629600,8.483200
100,54,16.787100,51.286400,335.044500,8.931800
100,55,19.276200,60.304600,337.901300,8.690700
100,56,32.931600,51.016300,337.927300,8.586300
100,57,19.340800,61.305900,345.637500,7.578600
100,58,18.067100,51.708500,332.633100,8.004100
100,59,18.569100,60.667800,342.377000,8.270600
100,60,15.136800,53.440600,335.596900,8.499200
100,61,18.637600,62.075500,339.810800,7.820800
100,62,16.478400,52.813400,343.635000,7.984800
100,63,23.335900,58.132800,341.473000,8.288800
100,64,15.164000,53.563500,335.038100,7.981200
100,65,23.845500,58.402100,333.259900,8.557800
100,66,24.362300,57.152500,336.571200,7.706000
100,67,16.081400,51.822800,335.978400,7.613200
100,68,23.916200,56.813400,339.956600,9.162100
100,69,17.636900,51.201700,336.957100,8.057400
100,70,17.702300,61.786100,339.737000,8.545200
100,71,19.194900,51.981700,334.326300,9.472200
100,72,22.431900,57.646400,336.690600,7.853500
100,73,13.757300,54.118000,332.657900,9.511300
100,74,19.248500,56.748600,335.691200,8.429000
100,75,16.962200,53.723000,333.591000,8.028100
100,76,19.620900,60.511600,334.347200,8.533800
100,77,18.548400,56.213600,337.134400,7.930700
100,78,15.236300,51.374100,334.756500,8.826800
100,79,18.595100,58.165800,432.485100,7.815600
100,80,21.864000,60.496200,333.656300,8.592400
100,81,31.568500,57.543600,340.336000,7.891800
100,82,15.790900,52.120300,338.154100,7.660200
100,83,24.602900,68.820000,335.525100,8.529600
100,84,17.234900,52.749400,334.727800,7.974500
100,85,21.460000,57.742800,345.267900,7.597900
100,86,18.187800,51.672500,333.829300,8.240400
100,87,17.536900,60.785900,337.829500,8.157200
100,88,14.858900,52.244900,334.062900,9.682200
100,89,21.269200,58.661300,340.578200,7.778100
100,90,14.570900,52.434100,336.045200,8.125400
100,91,22.836900,58.012900,333.846100,7.908300
100,92,29.976800,59.395800,346.773100,8.379900
100,93,20.204500,55.161200,345.835000,8.023000
100,94,24.349200,61.360000,344.751300,8.139800
100,95,16.261200,52.018700,334.416800,8.395200
100,96,23.197900,63.812000,343.666500,8.225100
100,97,15.483800,94.689700,332.431400,10.786600
100,98,19.929400,58.875900,398.524900,13.908200
100,99,21.288200,50.265900,332.866900,8.000200
100,100,18.018700,58.842100,334.538900,8.697200
200,1,38.790700,118.521800,672.719900,15.388000
200,2,38.792100,121.487800,667.053200,15.174800
200,3,42.477700,113.265500,667.282100,15.820500
200,4,56.362200,121.581900,666.398200,16.532800
200,5,53.537500,114.705100,665.415200,16.203200
200,6,53.697600,122.524200,668.271600,16.176100
200,7,74.588800,115.319100,667.871200,16.690100
200,8,38.355100,121.020200,668.746100,16.238700
200,9,41.590000,118.408900,668.245000,15.823200
200,10,40.104500,121.262100,670.215300,16.783200
200,11,41.700500,117.568600,672.558100,17.153300
200,12,35.296400,114.444100,668.570400,15.988900
200,13,35.571000,108.278000,669.689000,16.661100
200,14,36.694300,111.955300,673.785900,18.242000
200,15,46.019800,107.196000,680.657200,18.619100
200,16,46.388500,103.734400,673.833900,18.135500
200,17,36.449800,115.111500,674.461700,18.462400
200,18,35.928500,114.537700,673.370800,18.062100
200,19,37.586400,110.935600,668.275700,18.305400
200,20,34.319400,115.919200,675.804900,15.962400
200,21,37.472700,110.009200,668.561500,15.806500
200,22,30.916000,115.724500,673.819500,23.201300
200,23,48.972200,113.691000,688.683900,17.556400
200,24,35.106400,117.911600,680.684500,17.863700
200,25,111.955800,124.871100,683.833300,16.828300
200,26,44.755400,101.174600,670.074800,16.010700
200,27,48.849000,111.789400,673.074400,16.157100
200,28,47.898000,110.598700,668.813500,16.693200
200,29,58.958900,110.455100,670.427400,16.516000
200,30,41.899200,117.204300,691.035600,16.869500
200,31,40.772500,119.429900,672.896400,18.654000
200,32,55.330700,114.993100,666.564900,16.791800
200,33,38.546000,111.110000,670.955700,15.537200
200,34,64.499800,119.119600,667.768100,17.595600
200,35,39.799500,115.529500,696.384100,17.937500
200,36,36.979000,119.374100,670.731600,16.585900
200,37,47.902500,143.020400,668.590500,18.228600
200,38,37.105900,118.634100,672.762600,21.576000
200,39,59.694400,98.014400,669.767300,17.713400
200,40,49.676100,128.551200,690.167900,17.951700
200,41,40.124700,115.609400,669.392000,19.231700
200,42,57.212000,120.750800,669.799600,17.672600
200,43,40.201200,115.875100,692.897600,17.442200
200,44,40.238100,120.898600,669.951900,18.323800
200,45,36.631800,131.708700,675.443100,17.496100
200,46,37.377400,119.462200,712.551500,17.063300
200,47,38.695200,114.882400,670.494200,18.572200
200,48,37.381000,121.489400,709.458600,17.632100
200,49,44.707600,117.551300,694.301400,18.321100
200,50,48.352200,105.859200,689.518600,17.817900
200,51,39.395800,97.747700,666.625500,28.073400
200,52,66.473500,99.794800,669.434800,16.275500
200,53,44.682800,136.658100,669.791000,17.455300
200,54,36.652100,118.365000,785.960500,16.789000
200,55,31.145600,119.668000,677.328300,33.278800
200,56,58.168000,96.155700,683.995000,16.877000
200,57,35.988700,198.627200,683.430200,17.815100
200,58,40.133600,116.806700,858.056300,16.922000
200,59,33.581300,123.798700,672.493600,16.980400
200,60,34.014100,111.074700,669.878100,16.980300
200,61,33.781300,109.219200,674.219200,16.374700
200,62,33.315400,110.436400,665.900500,16.232300
200,63,32.825900,108.733700,666.737000,16.964400
200,64,31.703700,104.126900,671.821700,15.104100
200,65,41.508100,102.635100,665.606100,15.150300
200,66,38.791500,96.931000,669.667500,15.796400
200,67,38.876200,97.356500,671.830400,16.527200
200,68,33.970000,98.256000,667.483500,17.217000
200,69,69.758600,97.233300,674.298500,16.896800
200,70,31.624100,104.805500,670.994500,18.372200
200,71,30.796600,105.349900,668.090200,17.064100
200,72,30.324200,105.591900,668.304200,17.244300
200,73,30.189300,104.570300,664.809100,16.825600
200,74,43.140100,113.674800,669.116300,15.484900
200,75,32.142400,108.108700,663.839700,15.126600
200,76,36.577300,100.189000,667.168300,15.493600
200,77,36.779200,105.556700,669.034200,14.986200
200,78,28.046000,109.230300,761.112600,20.720800
200,79,35.924400,105.284900,668.660400,15.363900
200,80,29.569400,107.579900,667.187900,15.438800
200,81,28.272600,108.042800,667.822600,17.891600
200,82,24.999000,109.225400,667.829300,15.249400
200,83,43.399600,106.217400,672.389100,16.061800
200,84,37.815100,102.031600,666.696800,15.002200
200,85,35.192200,97.329500,670.832800,19.198500
200,86,40.590600,110.695000,668.246700,15.666000
200,87,27.954700,112.957400,669.314100,17.047700
200,88,43.770400,112.503700,670.718700,16.968100
200,89,31.300000,111.913100,706.740600,15.635500
200,90,29.411800,114.481900,668.244100,16.910200
200,91,31.052300,111.579800,671.971200,17.863200
200,92,30.705800,111.410300,664.756300,15.612900
200,93,40.860500,110.300300,665.241500,15.068100
200,94,39.697800,96.959200,669.713300,15.721800
200,95,37.033500,110.143600,668.701400,16.385600
200,96,31.491700,114.977500,665.223100,16.281600
200,97,30.171200,111.055100,665.406900,17.490000
200,98,29.847100,114.979100,680.016000,16.762200
200,99,27.344000,112.907900,672.651900,16.184500
200,100,27.972800,116.733000,671.000400,15.834900
300,1,58.759700,166.192100,1009.298700,24.915500
300,2,48.535500,166.538200,1048.203400,26.844000
300,3,89.598800,158.551200,1011.569100,30.250800
300,4,46.613800,154.933700,1002.020400,22.816000
300,5,50.250500,151.810000,1008.282000,21.905300
300,6,46.873300,154.792300,1012.226900,21.682700
300,7,54.751700,150.972300,1001.187300,25.509100
300,8,50.658400,153.528200,1010.369800,25.599900
300,9,46.636700,153.195100,1002.566800,27.077100
300,10,47.717000,153.964600,1017.001900,26.509200
300,11,49.454300,154.239700,1018.852700,25.579800
300,12,50.476800,156.550100,1005.120800,26.291800
300,13,46.665700,159.240100,1084.219100,22.999300
300,14,47.993000,161.797300,1011.331600,25.669500
300,15,48.358400,156.886400,1005.545600,26.003900
300,16,49.263500,158.202800,1008.261700,25.786800
300,17,45.476700,173.903100,1001.289900,24.636900
300,18,44.989200,158.895600,1000.646500,25.851100
300,19,47.802800,152.971400,1093.278900,24.448900
300,20,48.284100,160.267600,1003.414100,21.549400
300,21,48.821800,157.478200,998.607900,26.484900
300,22,46.754800,150.684200,1000.096700,24.459000
300,23,47.933200,155.681800,1002.567000,26.133200
300,24,50.047700,157.012900,1003.338100,24.826900
300,25,46.849600,160.937400,1001.389800,25.098200
300,26,49.089800,159.648300,999.466700,25.335900
300,27,47.285300,157.221400,1004.683300,23.078600
300,28,47.480900,161.223800,998.802900,26.436900
300,29,47.612400,157.411900,998.014000,25.385900
300,30,45.724500,161.366300,1000.068400,23.237500
300,31,54.301900,158.075700,1004.801400,25.618600
300,32,50.381800,163.113200,1008.806900,25.941800
300,33,48.367800,160.180900,1001.031100,25.236700
300,34,48.125100,162.139600,1001.671400,25.118600
300,35,52.340700,145.849600,1004.776300,22.055100
300,36,50.714200,163.557700,998.664100,27.105400
300,37,50.303800,160.754500,1003.461400,24.053400
300,38,49.776100,161.477300,1001.706400,23.528700
300,39,57.404000,159.902800,1001.050700,24.915400
300,40,50.846400,168.870300,999.885500,26.529600
300,41,49.704900,166.528700,1003.220800,25.255100
300,42,47.916200,167.884400,999.316100,25.741800
300,43,87.429800,162.571700,1000.448600,24.600400
300,44,48.497200,164.430900,999.641000,23.104100
300,45,74.037900,145.588400,1003.520300,25.137500
300,46,49.432500,156.256500,1001.625100,24.283800
300,47,46.607600,154.058400,1002.787800,26.675500
300,48,46.481600,155.127300,1002.685900,25.811100
300,49,47.779000,154.524400,1014.565000,23.914200
300,50,46.541100,157.482000,999.848000,32.534800
300,51,45.000200,146.766700,1000.125400,23.505000
300,52,46.386100,154.865800,998.477700,25.080000
300,53,56.146800,154.878400,1001.054900,25.729500
300,54,49.791000,167.903200,1003.031700,24.640300
300,55,47.220200,167.208100,1025.052300,26.207500
300,56,49.998000,157.681800,1033.404000,27.930700
300,57,49.993000,142.513900,1032.875100,24.662600
300,58,65.468300,172.218500,1031.216200,26.367000
300,59,47.347900,160.602800,1033.321500,24.454800
300,60,52.410500,161.245100,1002.979400,38.340400
300,61,45.930700,160.003600,1011.862400,35.477400
300,62,50.955900,161.405700,1011.172600,24.010600
300,63,66.775000,159.332200,999.340400,25.847400
300,64,51.619400,159.351500,1059.513700,25.759100
300,65,47.626500,160.744700,1059.033500,25.021600
300,66,49.914700,161.885100,1061.277900,25.368600
300,67,51.474700,162.049400,1060.439800,26.341000
300,68,48.115900,159.330000,1056.642100,23.679600
300,69,53.154200,163.164000,1060.614700,24.744500
300,70,49.997400,165.568000,1060.986600,27.892600
300,71,54.260200,162.280100,1051.582500,25.641500
300,72,51.454000,163.475800,1054.548900,25.524400
300,73,48.298100,162.554200,1001.536500,44.414300
300,74,49.946000,163.221800,1001.541000,34.192600
300,75,49.816400,162.453000,1003.831700,24.184100
300,76,71.905500,153.643300,1001.648200,22.551200
300,77,54.292400,155.764800,1000.439500,26.698000
300,78,52.718700,167.404200,1151.460600,34.569800
300,79,51.413800,180.726100,1091.160700,25.669800
300,80,49.464100,169.373700,1067.306600,25.203200
300,81,50.090700,200.645600,1041.764300,26.757300
300,82,51.467700,167.395900,1076.569600,25.279200
300,83,52.746900,173.158600,1071.740700,24.164600
300,84,50.912400,166.573200,1069.973400,25.338200
300,85,49.025000,169.921100,1072.470700,26.479900
300,86,49.414100,229.657600,1077.468700,25.143100
300,87,49.606300,169.804800,1121.563800,25.076700
300,88,52.096900,173.398500,1046.357000,25.599900
300,89,51.558000,175.203500,1050.241600,24.623500
300,90,53.255600,170.419100,1058.400800,24.814600
300,91,50.990300,201.354700,1077.506000,31.531600
300,92,51.757200,171.905400,1105.774300,25.495200
300,93,51.625600,174.571100,1096.403300,24.494700
300,94,53.683400,171.582700,1119.890600,26.218100
300,95,49.842900,172.433900,1113.887400,24.255900
300,96,52.862300,171.756800,1117.268600,27.047500
300,97,53.441100,175.447400,1103.121000,25.827900
300,98,51.159500,159.087300,1002.937800,26.053400
300,99,55.895600,175.317300,1012.301300,26.740000
300,100,69.944600,183.306500,1070.853700,26.466500
400,1,61.841100,222.966000,1338.286300,31.106700
400,2,63.761400,233.704000,1341.838100,30.940500
400,3,61.372100,225.669800,1337.385600,33.304200
400,4,61.509800,229.568000,1339.007400,34.463900
400,5,63.049300,227.828700,1336.164500,36.437300
400,6,62.639800,235.604800,1334.046900,33.510400
400,7,73.067400,227.239500,1338.172600,32.543300
400,8,63.480200,232.382900,1334.473800,30.850600
400,9,63.139300,227.547600,1339.221600,32.090100
400,10,63.103800,212.838000,1347.476900,38.685000
400,11,80.778400,317.842000,1346.389200,33.207600
400,12,60.971200,221.536500,1337.734000,31.919400
400,13,70.045500,218.645100,1332.140800,33.747000
400,14,64.794500,211.646500,1343.646200,32.964800
400,15,61.247200,221.903100,1336.198600,30.321700
400,16,103.748100,195.642200,1343.715400,32.446400
400,17,67.141300,227.272700,1340.318400,33.963600
400,18,64.147000,421.243800,1429.416800,35.922400
400,19,67.882900,255.637800,1347.323200,33.830900
400,20,61.208600,203.123000,1339.232200,36.084200
400,21,61.449400,221.199900,1341.302000,33.953200
400,22,65.666200,220.345600,1333.197700,33.725000
400,23,62.713600,224.267900,1340.339600,32.802700
400,24,64.113200,202.143800,1333.149300,29.747400
400,25,63.375900,223.862300,1337.921400,36.207600
400,26,62.555700,221.811700,1336.308600,29.931500
400,27,64.230500,228.239300,1331.117500,33.197500
400,28,65.554400,203.123800,1336.955400,33.768200
400,29,62.327500,227.649100,1341.469600,33.809600
400,30,63.372300,226.542500,1334.995400,30.369000
400,31,66.429200,230.490500,1335.838700,32.340400
400,32,68.459200,209.795400,1346.784800,32.937700
400,33,64.283900,230.161100,1335.607800,32.822100
400,34,123.648100,229.241400,1345.068800,34.096500
400,35,60.354000,230.755000,1336.247700,30.819000
400,36,65.877400,226.077400,1334.346700,32.189300
400,37,63.531300,217.600800,1343.005900,30.287100
400,38,66.326600,218.768600,1335.147400,30.745000
400,39,63.086200,230.563400,1344.456100,34.339900
400,40,64.581600,232.249300,1336.153900,33.533000
400,41,96.931900,207.208200,1346.049000,29.706000
400,42,66.266300,214.442000,1348.362100,30.190200
400,43,66.055100,219.101000,1354.415500,32.347400
400,44,66.757900,216.247800,1334.037500,34.768400
400,45,62.556900,198.869900,1350.182800,32.491000
400,46,65.922600,214.320200,1351.027000,34.067500
400,47,64.611000,221.261600,1347.484900,30.787900
400,48,65.517000,238.023500,1328.725300,30.820100
400,49,63.547800,187.758500,1330.150900,35.215700
400,50,94.477400,222.434100,1365.225700,31.156500
400,51,65.857300,225.026100,1367.361500,34.429800
400,52,64.844000,217.971300,1370.709400,38.558300
400,53,63.581000,225.235700,1367.212900,30.977100
400,54,68.857300,194.862500,1332.096900,31.956800
400,55,93.594300,226.096900,1391.081000,34.865900
400,56,78.536200,244.238400,1402.540000,34.631500
400,57,64.430800,260.501500,1341.052300,30.605800
400,58,68.291700,221.552500,1379.291200,34.869300
400,59,93.118500,228.383000,1334.662100,36.014100
400,60,65.817600,222.588600,1377.930700,33.207900
400,61,64.134900,230.241500,1368.406900,37.313100
400,62,64.071000,223.193200,1378.725800,33.110100
400,63,67.247900,269.579800,1334.373000,32.708300
400,64,99.785800,224.250900,1384.087600,37.206700
400,65,66.399800,218.851000,1395.512200,33.617100
400,66,67.862300,224.901500,1377.108000,34.195700
400,67,66.907400,230.724300,1371.393000,35.092400
400,68,65.655800,227.160800,1337.981200,33.181600
400,69,70.743900,233.621600,1377.424000,34.674500
400,70,68.572400,206.776300,1387.559300,34.109100
400,71,67.744900,257.579400,1381.845500,34.400400
400,72,70.251400,227.372200,1394.041100,33.843400
400,73,116.209000,234.605200,1402.629400,37.712400
400,74,70.477400,224.670800,1387.947700,34.852200
400,75,65.460600,231.670500,1333.084200,35.728800
400,76,65.315300,209.536100,1379.907300,33.478600
400,77,66.026600,233.276900,1481.214300,33.168500
400,78,68.535800,308.398900,1344.782300,33.748400
400,79,85.381000,231.710500,1453.095000,33.890300
400,80,65.283500,226.564000,1443.622800,35.536100
400,81,67.611700,361.582600,1336.417100,42.275000
400,82,163.845700,223.651600,1524.919300,33.751200
400,83,73.674500,233.060600,1512.706200,33.896200
400,84,69.656600,385.415500,1340.789100,34.152100
400,85,69.195100,232.498300,1335.771700,34.127500
400,86,64.265500,202.982800,1333.223400,32.927100
400,87,64.815800,231.492900,1336.386900,33.566300
400,88,67.718100,223.849600,1332.748700,34.747700
400,89,66.052800,231.023200,1336.105600,33.467100
400,90,67.534300,200.659900,1335.830900,33.580500
400,91,67.699700,231.297900,1353.770100,38.454900
400,92,68.247200,230.972600,1349.346900,35.162000
400,93,184.790000,227.445700,1335.360500,35.394800
400,94,59.080900,204.126500,1342.547100,30.258600
400,95,60.963000,208.511400,1335.173300,31.757700
400,96,61.093200,205.992100,1338.393900,33.949300
400,97,59.948400,208.070600,1337.605800,30.638000
400,98,60.903000,205.168800,1333.531300,30.451900
400,99,58.400100,193.202800,1331.746600,30.251800
400,100,119.705100,192.358200,1333.961200,33.591700
500,1,76.809200,271.314900,1672.347700,41.175100
500,2,80.789900,289.385900,1675.278000,43.268100
500,3,74.942200,285.443800,1673.213800,42.561500
500,4,74.328100,259.374000,1664.694500,36.939100
500,5,75.645400,277.836700,1664.380000,45.739600
500,6,75.520800,285.568400,1675.548700,43.673700
500,7,74.279000,279.564900,1672.740800,43.471100
500,8,75.290600,286.973900,1673.230500,46.640300
500,9,74.681800,272.106100,1670.733500,38.009900
500,10,78.362500,289.198800,1667.457500,41.513600
500,11,78.166100,283.376000,1668.016800,38.737400
500,12,79.155900,287.613400,1659.067000,43.742800
500,13,74.598600,280.504100,1666.340500,42.204200
500,14,70.926000,280.505700,1666.918600,42.024400
500,15,75.730600,255.468300,1668.851200,38.063200
500,16,82.022100,286.014000,1662.379700,42.635600
500,17,73.794900,279.338500,1668.729400,42.473600
500,18,74.785300,292.628300,1680.732300,44.624400
500,19,77.328800,272.401600,1669.329200,41.549100
500,20,77.095900,261.963700,1666.575800,42.290300
500,21,76.971300,294.219500,1666.961900,40.569700
500,22,80.329200,287.072800,1666.708500,41.788600
500,23,77.001100,280.340400,1667.720900,42.873000
500,24,76.230700,264.453800,1673.934800,43.362500
500,25,80.021100,283.408900,1669.997700,37.342400
500,26,76.716200,287.978800,1679.731600,43.139600
500,27,77.356000,282.446500,1669.792700,43.200200
500,28,75.111000,285.301900,1668.626000,43.660600
500,29,75.923600,274.407800,1668.332900,44.645900
500,30,72.700600,272.478500,1675.804300,43.138500
500,31,73.071500,271.644000,1677.646400,38.363800
500,32,78.109900,286.954600,1675.650700,37.973200
500,33,81.956800,281.669000,1667.789400,37.898700
500,34,77.726900,280.761900,1671.990100,42.866300
500,35,78.394000,281.635300,1671.733400,40.959900
500,36,74.018600,274.606400,1682.892100,46.645300
500,37,75.430300,330.262400,1671.989600,41.747500
500,38,79.553900,288.429100,1668.957700,40.472500
500,39,77.831400,280.170300,1671.037200,37.994500
500,40,79.034700,285.480400,1715.192900,44.497500
500,41,78.718700,311.945000,1665.404700,42.075500
500,42,77.639500,286.206700,1693.134500,41.146300
500,43,93.312400,281.485500,1673.201200,37.411500
500,44,77.117400,272.491000,1668.113400,42.817400
500,45,82.678900,284.125800,1669.228000,42.712100
500,46,78.155400,253.181600,1671.280300,41.543500
500,47,83.156100,294.596100,1696.927400,43.139000
500,48,80.292300,303.242800,1694.753900,41.639600
500,49,75.846800,285.371500,1669.135400,37.764900
500,50,79.163700,275.103200,1665.087300,41.961500
500,51,75.725000,287.511200,1666.622700,43.678500
500,52,75.521900,286.916600,1664.735600,41.588300
500,53,73.584500,282.408000,1665.070800,46.789200
500,54,74.322800,287.247400,1673.452400,37.172000
500,55,78.056000,287.683800,1670.264200,43.923800
500,56,76.818700,255.744800,1667.091800,42.314300
500,57,77.349000,278.033100,1658.362400,43.013900
500,58,76.898900,288.405400,1665.857800,37.223400
500,59,79.608500,282.924500,1665.220600,37.438500
500,60,78.420300,287.415000,1669.207100,44.878000
500,61,77.014000,270.242400,1667.994400,38.397400
500,62,78.664700,289.889700,1667.347400,42.304800
500,63,75.804900,285.754000,1686.296700,42.692000
500,64,129.820400,290.690300,1666.094700,41.695500
500,65,75.833400,281.691700,1671.240800,43.360600
500,66,74.877200,269.373400,1675.000300,44.345000
500,67,73.947100,279.443600,1679.308600,37.537200
500,68,75.831200,287.096600,1755.997200,41.101100
500,69,90.483200,283.002400,1674.753700,36.765500
500,70,81.363400,289.805300,1665.784400,46.691700
500,71,76.403600,252.409800,1673.423300,38.184500
500,72,81.430200,287.920900,1668.911500,42.466900
500,73,130.291700,277.622500,1668.086800,41.412600
500,74,79.030200,284.915300,1668.810400,38.344800
500,75,78.827300,280.890400,1670.060600,37.514800
500,76,80.682900,256.100400,1662.816100,42.087700
500,77,77.825500,277.909900,1667.998600,41.141000
500,78,77.928100,286.253900,1664.493100,43.297400
500,79,73.157100,277.459200,1669.732100,38.328600
500,80,80.176200,285.690300,1665.920700,37.808900
500,81,79.648700,255.968900,1668.389200,42.138800
500,82,78.251800,239.980500,1672.209100,40.083300
500,83,83.154200,278.082000,1671.369400,37.049400
500,84,80.090600,286.937500,1671.473900,43.058600
500,85,78.133100,276.236500,1671.862300,41.769300
500,86,83.904000,288.770300,1669.048800,45.974000
500,87,78.193500,256.408800,1668.786900,41.747200
500,88,77.971600,285.440500,1667.834300,37.435200
500,89,126.274100,278.677300,1665.442400,42.333800
500,90,78.963600,286.626900,1673.423800,42.744300
500,91,80.996900,247.664700,1681.783000,38.601600
500,92,80.447700,302.797900,1725.172600,48.825700
500,93,97.103900,326.224700,1744.817800,40.894100
500,94,89.104100,292.282900,1718.211700,40.887900
500,95,87.705500,281.396100,1726.663600,42.692300
500,96,82.531800,288.880000,1770.104100,43.115600
500,97,81.254500,287.026700,1722.209100,42.803400
500,98,85.163900,295.070400,1731.503300,41.533200
500,99,86.180500,260.629000,1715.863300,43.156300
500,100,87.449600,283.358400,1724.780100,43.106600
600,1,99.873000,347.609500,2045.015700,59.898700
600,2,115.369700,335.552900,2046.981100,54.249300
600,3,100.872300,325.779200,2049.867800,51.874700
600,4,98.352700,363.184200,2042.407000,53.189700
600,5,100.004300,346.984900,2046.135100,52.541500
600,6,96.794700,311.007400,2044.580000,53.702100
600,7,96.884400,345.600600,2051.956600,51.461600
600,8,163.920600,358.902100,2037.983300,52.626800
600,9,100.688800,346.463300,2043.831800,46.410100
600,10,100.387300,364.542100,2060.944300,51.989000
600,11,97.840300,343.135500,2041.777600,49.456000
600,12,104.238100,354.544500,2046.238000,52.549700
600,13,96.091200,327.683200,2039.919000,50.249100
600,14,99.858000,354.125800,2044.004500,54.503000
600,15,95.906600,344.435400,2043.060700,51.395700
600,16,98.578700,315.449000,2048.138200,52.302400
600,17,102.172500,347.909900,2050.219800,54.767800
600,18,97.400100,359.382800,2049.871200,46.474300
600,19,101.232900,351.165300,2046.637800,50.494600
600,20,97.743100,362.900000,2043.311100,50.128200
600,21,99.284400,345.065100,2052.866200,50.368100
600,22,105.317900,362.032600,2045.640400,53.324900
600,23,95.884500,321.461000,2042.246800,46.299100
600,24,100.314900,351.888900,2051.179700,52.806400
600,25,102.834000,348.386500,2049.767000,52.488800
600,26,98.765600,347.905700,2049.720600,47.072200
600,27,99.052800,356.525700,2058.685100,45.630600
600,28,103.635200,359.538500,2093.319600,51.757900
600,29,101.069800,346.171900,2039.146300,50.522600
600,30,103.489400,336.179600,2044.714900,51.770000
600,31,101.655300,348.151000,2038.904200,45.877100
600,32,102.435400,356.467700,2053.903200,50.617100
600,33,97.563800,315.365200,2045.784300,50.728200
600,34,99.605300,354.540800,2046.123400,53.389800
600,35,102.910800,352.786700,2047.398200,52.343800
600,36,101.855900,301.885600,2043.933800,55.387700
600,37,101.933100,347.241600,2045.851600,45.212700
600,38,106.485900,359.960000,2040.538100,48.352500
600,39,103.048300,355.717300,2041.217800,46.478600
600,40,99.879500,363.163500,2063.930200,51.489200
600,41,97.859600,344.798500,2054.865600,52.013000
600,42,102.805000,353.938000,2042.630000,51.006800
600,43,101.405300,336.967400,2060.957100,56.227000
600,44,102.220800,351.702200,2050.411700,53.380600
600,45,102.522800,345.849500,2047.474200,52.019200
600,46,102.030800,309.103800,2046.966900,52.666700
600,47,102.371900,346.251600,2039.459500,50.706700
600,48,103.024000,357.777000,2050.710900,48.499100
600,49,101.525800,303.922900,2044.093800,44.883000
600,50,99.730000,357.258900,2051.383300,44.710400
600,51,101.351400,347.723000,2054.337700,51.254800
600,52,101.594800,357.825300,2048.385200,52.379000
600,53,102.688200,332.779500,2164.550500,53.657100
600,54,102.103800,359.101300,2048.235700,51.976700
600,55,102.533500,347.791400,2047.702400,52.554200
600,56,98.245800,359.746800,2134.104700,51.258000
600,57,99.701800,333.754900,2038.477500,46.183500
600,58,99.872800,351.203600,2055.212300,45.922600
600,59,100.841900,347.436900,2047.506300,45.173600
600,60,102.268900,321.394700,2038.096800,49.610700
600,61,101.049400,340.566500,2049.765000,53.613300
600,62,101.244200,350.834300,2045.279200,48.100500
600,63,101.957700,315.427000,2045.229200,52.320400
600,64,103.432400,355.171200,2047.043100,54.592900
600,65,97.645100,347.129300,2049.663900,52.282600
600,66,102.148700,357.631200,2049.207100,52.997200
600,67,99.911300,353.189000,2051.081100,54.511100
600,68,104.370800,354.920000,2051.381300,52.554200
600,69,100.870400,350.496000,2046.857300,46.924700
600,70,104.162400,313.496800,2046.848600,51.226400
600,71,100.980400,353.198800,2043.205700,53.951000
600,72,105.208100,353.311400,2036.687000,53.052300
600,73,95.272100,354.402500,2044.545100,50.535800
600,74,101.658700,364.382900,2057.384400,50.940800
600,75,182.917700,358.055000,2044.313400,49.245900
600,76,98.748000,352.081600,2047.214900,50.946700
600,77,101.010000,314.079000,2054.523400,47.651800
600,78,112.168400,354.469400,2051.921700,51.776700
600,79,101.395000,350.832600,2043.660000,46.204800
600,80,102.425400,352.177400,2049.911400,56.113600
600,81,106.142200,356.539200,2047.168300,53.146700
600,82,99.821600,354.704800,2046.396700,50.892500
600,83,101.388300,372.872500,2091.329800,50.267900
600,84,100.406900,309.985800,2060.698200,52.804000
600,85,100.137300,350.868900,2042.614400,46.439400
600,86,104.919800,344.488500,2048.813100,54.753400
600,87,101.258100,304.907400,2056.592900,45.867000
600,88,104.815000,367.999900,2046.098900,46.898400
600,89,100.452400,347.398000,2051.249200,46.415700
600,90,103.871600,355.607400,2041.827100,50.410800
600,91,102.018000,339.264600,2047.503000,50.316100
600,92,95.882900,350.231400,2050.691700,51.266300
600,93,102.946900,347.547000,2055.864100,46.544500
600,94,101.602800,327.470700,2046.543000,47.118000
600,95,103.445000,352.347000,2039.736600,48.284300
600,96,98.711400,356.604300,2037.968500,51.655800
600,97,102.821700,349.155300,2044.921000,49.183900
600,98,96.307200,352.244500,2047.971800,51.083300
600,99,98.938800,348.518600,2052.932700,45.674800
600,100,102.034800,356.242500,2036.445200,52.969900
700,1,118.840600,392.445400,2370.264400,55.655400
700,2,117.504100,383.600100,2402.195200,60.547300
700,3,116.659200,416.965900,2497.658500,79.060900
700,4,124.039500,412.086700,2404.686100,55.827500
700,5,121.433600,416.593500,2375.932100,55.762900
700,6,117.910200,408.424500,2455.499200,57.901000
700,7,114.056400,364.133500,2382.011700,53.553100
700,8,117.036100,412.388200,2374.675600,54.314400
700,9,125.321700,413.635600,2385.371900,59.412600
700,10,118.847500,413.120100,2380.521800,57.738900
700,11,119.412400,407.651500,2372.408300,60.405100
700,12,119.112900,414.223800,2371.945400,59.023400
700,13,118.477100,394.056700,2384.360300,57.567700
700,14,117.506000,400.516000,2389.863200,55.272400
700,15,119.665400,411.380000,2375.091800,60.481700
700,16,114.661200,414.411600,2378.602100,68.193000
700,17,117.677500,411.647600,2374.457600,57.921400
700,18,118.325400,412.193500,2391.017800,52.740000
700,19,117.293700,414.707700,2372.233400,56.968400
700,20,118.354700,389.825500,2372.053100,61.821300
700,21,118.453600,367.811800,2368.964000,61.773000
700,22,114.940100,411.642000,2366.056900,53.797100
700,23,112.287700,390.682600,2338.012800,59.270400
700,24,157.342000,393.001300,2340.231000,58.643200
700,25,107.381800,394.454000,2331.100200,61.021400
700,26,113.583100,392.858300,2333.386500,62.723600
700,27,109.477600,391.181000,2331.045700,59.037400
700,28,123.340600,393.897900,2341.104800,60.701800
700,29,111.809700,402.126500,2339.600100,53.952400
700,30,109.322800,394.381400,2343.326300,63.734400
700,31,113.174100,385.191700,2330.533100,58.942700
700,32,111.845300,382.251400,2336.614000,59.624300
700,33,109.975700,368.309900,2334.718000,60.896300
700,34,108.737500,364.698300,2346.840500,61.519500
700,35,109.995000,382.796100,2347.446200,60.337000
700,36,109.348800,400.069900,2349.046100,55.444200
700,37,112.871900,393.117000,2335.856700,61.894700
700,38,109.725400,396.138100,2333.361900,55.247200
700,39,108.899900,362.282700,2332.325200,59.514300
700,40,107.747000,395.260000,2327.741600,57.560400
700,41,113.339900,393.091300,2326.703800,61.088700
700,42,106.370300,393.001300,2334.081000,59.563700
700,43,109.644600,389.971100,2336.137700,53.318200
700,44,110.530000,394.106200,2337.698800,62.533400
700,45,106.800700,390.808300,2332.813000,61.878800
700,46,110.380000,393.682700,2339.785300,58.677600
700,47,110.590900,396.652400,2339.975400,61.598900
700,48,110.922400,401.929000,2390.908900,59.004200
700,49,107.955300,376.683600,2333.584600,54.445200
700,50,107.631000,375.609200,2353.402800,66.409300
700,51,109.240200,453.385800,2399.635700,61.072600
700,52,112.865800,396.174700,2333.873200,53.369900
700,53,114.601200,394.949400,2336.297700,54.277300
700,54,110.508400,392.793300,2328.735400,61.026700
700,55,109.700600,389.422200,2332.052200,59.664300
700,56,108.741800,390.060000,2336.709800,61.787400
700,57,107.253600,393.543600,2333.608300,60.270800
700,58,108.387200,396.703700,2353.792700,54.557700
700,59,114.375100,392.918100,2334.928000,61.890300
700,60,109.084200,392.795800,2414.934900,55.465400
700,61,114.685800,363.540100,2344.017700,58.144500
700,62,104.928200,375.465000,2340.722000,60.179700
700,63,105.178100,359.145400,2335.149300,57.019600
700,64,112.385300,400.397900,2331.873500,61.541600
700,65,109.775200,393.886300,2343.420500,53.519700
700,66,111.556400,396.345900,2334.550300,62.403500
700,67,110.197200,396.093600,2349.808400,59.122600
700,68,161.521400,395.993900,2329.705900,64.218200
700,69,109.558100,391.053600,2345.579700,60.173000
700,70,111.739100,394.565500,2332.247000,60.394000
700,71,106.870000,399.639900,2339.644900,63.304400
700,72,113.107100,396.640700,2331.353600,62.163200
700,73,107.489600,384.461700,2332.328300,60.656000
700,74,109.255800,378.626400,2345.683900,54.378700
700,75,114.047200,388.091200,2340.615300,56.486200
700,76,110.987300,365.134400,2345.761000,53.297000
700,77,110.748700,351.063900,2342.229500,60.730600
700,78,107.891400,398.257800,2333.375000,55.770000
700,79,109.222500,397.961400,2334.882500,58.172800
700,80,112.969700,395.218700,2340.029500,53.551800
700,81,111.237300,395.707200,2332.690900,62.614900
700,82,108.861600,398.631700,2328.469600,60.149800
700,83,110.015400,394.884000,2335.889100,62.096500
700,84,107.571800,394.714400,2336.053300,60.617800
700,85,109.950000,392.253200,2337.498700,53.635500
700,86,111.513600,400.019000,2351.218100,60.650200
700,87,113.846000,396.162100,2344.318600,59.854000
700,88,109.267500,389.065600,2336.786400,66.206400
700,89,109.683700,375.270100,2336.893900,60.402600
700,90,107.910600,404.250800,2342.260900,54.855600
700,91,110.001400,352.299500,2378.477700,59.523800
700,92,109.938900,395.159200,2334.726600,55.148900
700,93,111.784400,397.361900,2333.318100,57.129300
700,94,109.165500,395.006000,2341.253900,64.930100
700,95,111.134500,394.697100,2335.947700,58.072500
700,96,113.428700,395.650300,2333.366100,62.440100
700,97,109.079200,394.868100,2333.979300,55.334400
700,98,113.496500,354.519000,2339.634800,53.804900
700,99,108.863800,399.450400,2333.653000,63.762500
700,100,111.253800,396.740600,2343.802100,59.575700
800,1,124.098200,430.528500,2666.858500,71.910000
800,2,127.889200,451.069300,2680.419400,72.721300
800,3,130.676400,429.927500,2668.693100,73.330200
800,4,124.828400,451.496200,2683.369200,67.735700
800,5,130.489000,402.151400,2690.160900,70.324800
800,6,123.622700,489.350800,2680.064100,67.271900
800,7,130.532200,420.561500,2668.945100,71.693700
800,8,121.855200,445.593800,2763.687300,68.345300
800,9,123.438100,419.008500,2671.991300,62.069900
800,10,127.788000,412.393200,2699.760700,69.620300
800,11,130.742900,438.456900,2726.384800,72.437400
800,12,130.758800,464.713900,2750.445100,67.849700
800,13,134.216500,470.555300,2834.935100,73.631400
800,14,132.604000,451.099500,2826.044100,64.401200
800,15,138.029500,459.290500,2774.327200,73.075800
800,16,132.462100,462.744300,2892.248600,70.732400
800,17,133.791600,438.167200,2775.390700,67.496600
800,18,134.316500,419.176400,2783.502900,67.645400
800,19,132.069800,465.797200,2759.237000,70.802600
800,20,132.456000,457.761300,2782.855400,63.003800
800,21,132.864400,420.118500,2797.719600,74.328500
800,22,130.868900,418.354000,2800.048100,81.609800
800,23,132.896500,462.590900,2776.964100,72.673400
800,24,134.190300,467.061600,2818.299500,80.281400
800,25,131.912100,467.469800,2778.204200,73.621100
800,26,132.171200,469.400100,2789.870700,72.184500
800,27,136.189400,463.541000,2784.681800,73.622800
800,28,182.567000,410.076700,2782.139300,73.349000
800,29,132.468800,465.460000,2760.496900,69.839300
800,30,132.931700,466.781400,2780.070900,71.847200
800,31,129.282900,431.103700,2766.286200,69.943300
800,32,129.402400,467.623100,2806.951500,94.986600
800,33,175.590000,515.844600,3052.683300,36.369200
800,34,160.019800,401.720300,2848.924400,65.235100
800,35,131.006400,449.752400,2810.102400,79.995300
800,36,129.837700,470.602500,2784.942800,63.101100
800,37,133.353600,478.349900,2837.278800,73.352900
800,38,135.493500,448.423200,2830.699700,74.918200
800,39,134.600700,464.622200,2776.509300,65.702200
800,40,133.084200,472.895300,2783.879200,68.893700
800,41,124.344500,433.278000,2789.630000,75.748100
800,42,127.874400,470.581300,2774.468500,64.764900
800,43,133.430100,461.419600,2786.865100,63.533800
800,44,127.358700,443.459400,2780.324300,75.842600
800,45,131.589100,464.267700,2970.260700,99.934500
800,46,180.011700,536.029300,2797.109100,64.752400
800,47,147.119800,468.342000,2905.972200,64.067400
800,48,132.828600,458.144000,3294.666200,98.153600
800,49,200.372100,520.674900,3019.747500,82.965800
800,50,156.643400,512.770200,3219.900900,74.344300
800,51,128.249000,496.202400,3113.100900,102.143100
800,52,145.070100,525.724900,3173.918500,90.544800
800,53,148.219600,481.253000,2851.535100,70.294700
800,54,126.910000,452.632400,2818.768900,83.476200
800,55,143.148600,487.357200,2886.352300,83.049600
800,56,132.054200,415.453100,2932.463200,77.431700
800,57,162.701100,487.021100,2907.918500,80.315500
800,58,153.805100,483.451100,2944.809700,76.686800
800,59,154.248600,495.722200,2900.489600,66.639200
800,60,152.731900,505.424600,2933.029700,83.247500
800,61,150.112900,499.484700,2900.015300,78.529800
800,62,146.706900,500.031100,2945.047800,79.209200
800,63,139.219900,415.933900,2892.145300,74.102500
800,64,220.687600,467.582400,2891.769500,81.761200
800,65,142.051100,486.721700,2814.479800,68.856300
800,66,140.080400,475.415500,2824.680200,68.508700
800,67,142.473900,480.598000,2850.402700,74.426500
800,68,130.064300,454.502700,2801.751600,66.521000
800,69,156.789800,485.021400,2984.199900,73.221600
800,70,125.536900,511.419400,2972.690900,69.661600
800,71,146.761700,515.414400,3174.325500,100.093700
800,72,181.186100,566.024200,3224.453100,70.104200
800,73,162.742000,502.139000,3045.975100,77.181600
800,74,147.070000,479.708100,3153.933500,82.332000
800,75,165.135000,565.339100,3122.815700,74.193200
800,76,158.105800,518.018700,3050.746100,86.147300
800,77,159.130900,500.563900,3067.242000,87.575600
800,78,218.989600,549.924600,3086.134900,83.861700
800,79,160.853400,532.894200,3086.655400,133.389600
800,80,143.725500,542.472100,2983.658900,78.577600
800,81,152.655800,487.231200,3030.943900,88.073000
800,82,136.602000,514.101600,2930.413300,80.842400
800,83,169.992000,519.170200,3089.452700,78.356300
800,84,152.446100,492.142700,3150.904400,91.118600
800,85,159.009800,490.508700,3030.091800,90.417700
800,86,178.223800,519.222700,3098.599700,74.742200
800,87,159.845500,459.240500,3076.187100,75.897100
800,88,182.515100,551.301700,2982.733800,79.319300
800,89,133.090300,455.567100,2688.120200,61.415900
800,90,125.570400,454.227000,2675.303100,71.889300
800,91,127.039100,452.858100,2679.150500,70.880000
800,92,122.149300,455.001900,2678.152100,67.278700
800,93,117.479200,469.901900,2674.165000,63.991700
800,94,180.020400,441.087900,2673.549000,69.123300
800,95,128.237500,450.231000,2670.126300,69.738200
800,96,128.597900,440.581400,2673.307900,69.661600
800,97,125.010300,448.681100,2672.307500,71.466600
800,98,124.399000,439.735200,2674.271700,68.293100
800,99,122.769200,449.647300,2673.753200,70.616300
800,100,124.025000,438.106500,2681.464000,63.351900
900,1,145.813000,505.095800,3008.673700,69.343100
900,2,142.955000,512.966300,3004.927400,82.113800
900,3,138.615100,512.237500,3005.829500,69.036900
900,4,138.883300,514.629300,3005.605400,80.095600
900,5,140.890200,525.192200,3039.062300,78.771200
900,6,143.601000,520.778800,3043.985700,76.641500
900,7,139.765800,510.938100,3053.065900,77.195900
900,8,188.240100,512.209300,3017.077600,83.044400
900,9,162.733500,520.405200,3024.946400,72.757900
900,10,143.674100,567.010900,3044.460600,70.175700
900,11,142.368100,507.250700,3008.006000,79.055300
900,12,139.391400,508.600700,2992.821400,77.462700
900,13,137.977600,508.046100,3007.932300,81.888100
900,14,140.155200,517.866600,3007.602900,77.687300
900,15,139.072700,468.449700,3016.942400,70.956200
900,16,145.329900,462.498500,3011.580200,72.445300
900,17,136.416000,475.365100,3017.873800,73.340400
900,18,149.609500,500.415000,3007.440600,79.508400
900,19,137.389300,483.439600,2999.285900,69.304000
900,20,143.466500,500.547400,3021.787400,78.966400
900,21,138.405500,501.963300,3011.113400,73.157100
900,22,145.981900,506.855200,3006.694100,71.311100
900,23,141.426100,511.896900,2999.843000,84.665500
900,24,181.534800,516.194100,3120.711400,79.906300
900,25,140.879300,541.648700,3006.660100,88.682700
900,26,144.173900,506.166900,3010.361700,75.945700
900,27,138.366200,516.513400,3012.312200,72.426500
900,28,146.810500,517.139700,3013.697300,79.011400
900,29,141.911600,515.403200,3011.335000,75.628100
900,30,130.610200,516.605600,3165.554500,72.606200
900,31,141.737900,502.325300,3005.483100,77.365400
900,32,158.255100,531.486300,3020.278800,87.782600
900,33,139.854700,524.717300,3019.521200,80.862200
900,34,141.419600,511.210000,3000.628800,81.363700
900,35,139.615200,512.312900,3004.662400,72.474000
900,36,183.035000,512.384700,2994.316600,84.209000
900,37,138.637800,517.230800,3003.072100,68.800100
900,38,142.820900,520.163600,3041.979000,94.607300
900,39,144.086200,530.104000,3049.630900,78.681500
900,40,143.025800,513.029200,3003.846600,71.403700
900,41,141.264900,510.823300,2995.772100,70.277900
900,42,142.270900,510.388300,3009.319900,77.483300
900,43,138.695600,503.314200,3006.053300,79.224600
900,44,140.537700,504.057900,2998.873600,81.092100
900,45,140.030400,503.253900,2997.954200,76.822600
900,46,142.114700,504.323300,2994.208800,76.235600
900,47,140.417600,505.060200,3010.388500,82.038300
900,48,150.354300,508.761600,3004.284400,77.156400
900,49,144.852000,505.789100,2994.613000,73.038600
900,50,138.553900,510.209000,2998.822000,75.716000
900,51,142.966200,444.564000,3003.482000,74.352700
900,52,132.472700,458.660200,3007.008900,78.608900
900,53,140.784600,473.403500,2995.028700,75.847700
900,54,144.442700,485.756800,2999.997500,77.212900
900,55,139.232000,499.080500,3000.464000,70.007500
900,56,142.044600,509.976000,2993.079800,81.074300
900,57,135.691600,508.748100,3002.561500,77.062100
900,58,139.568300,516.739200,3000.430800,66.754000
900,59,133.262700,532.558400,2998.252800,71.331200
900,60,144.009400,521.842000,3020.291400,77.748200
900,61,145.042200,519.335600,3046.091600,78.423400
900,62,138.129000,505.471500,2999.497700,83.700900
900,63,141.225300,507.270900,3081.571000,79.278600
900,64,139.327800,507.583200,3002.386600,81.212000
900,65,138.910700,509.439600,3008.336500,83.346900
900,66,140.060600,504.139700,3001.423400,77.194700
900,67,139.770000,506.043600,2998.874200,70.827500
900,68,147.530500,507.449600,3007.799600,79.274900
900,69,141.361800,503.227600,3003.257700,80.471400
900,70,139.234800,507.698900,3000.864300,73.202900
900,71,132.241700,447.406900,2993.539400,79.109800
900,72,139.776500,470.334400,2995.183800,75.795100
900,73,131.903100,477.519400,3003.790500,80.293800
900,74,137.312400,487.614800,3004.095300,73.246800
900,75,137.480800,501.822100,2998.343600,68.943400
900,76,139.062100,514.978600,3002.951200,79.384400
900,77,141.803200,508.830000,2996.081700,72.934100
900,78,132.311800,513.566400,3002.279100,79.585300
900,79,141.223300,530.065200,3004.563700,80.955000
900,80,143.457900,517.361000,3002.519300,99.431600
900,81,146.391500,532.777500,3008.091200,71.425900
900,82,186.844700,511.255800,3007.462700,73.169100
900,83,141.772200,506.232500,2994.028300,80.767800
900,84,137.837000,503.560300,3004.795100,83.715400
900,85,134.831400,500.173100,3083.610600,72.971900
900,86,141.983200,513.112100,3011.767200,79.307800
900,87,139.639300,503.715400,2997.562600,70.139900
900,88,140.106100,501.333600,3006.424800,80.092900
900,89,142.464700,504.996900,3008.461400,76.919200
900,90,138.964600,504.909700,3004.579100,78.036200
900,91,139.235800,452.307000,3011.500100,72.999300
900,92,132.792300,461.892500,3002.338000,77.179000
900,93,142.600500,495.975600,3001.886800,82.687000
900,94,131.812600,488.502300,3001.742700,81.124800
900,95,141.566300,496.491600,2998.235500,80.198500
900,96,140.886900,509.308600,2988.947500,78.884100
900,97,140.304700,506.106800,2999.232300,80.375300
900,98,136.070700,510.449200,3005.354300,94.966000
900,99,137.094500,503.367100,3065.779000,73.175500
900,100,141.391900,515.876200,3005.997400,72.569600
1000,1,157.650500,566.824300,3389.476900,86.316000
1000,2,151.791300,587.295300,3363.612400,79.821600
1000,3,159.390100,562.391900,3332.629200,90.081800
1000,4,154.431900,523.901800,3362.013300,87.886000
1000,5,168.535400,562.223200,3332.688100,78.312800
1000,6,172.426600,551.836000,3384.454400,89.700800
1000,7,149.682100,556.172100,3334.739200,83.565400
1000,8,145.569100,608.027800,3369.812600,91.404900
1000,9,155.539300,558.557300,3346.451600,86.663800
1000,10,154.890900,570.220000,3335.310700,88.489400
1000,11,148.054600,560.353900,3334.015900,86.985100
1000,12,175.601900,561.277200,3330.319700,89.848000
1000,13,164.988500,555.350500,3354.795100,89.348500
1000,14,156.921700,501.942500,3336.419600,89.774500
1000,15,158.787800,559.038100,3333.846400,91.289900
1000,16,162.152700,565.958600,3342.681800,85.803900
1000,17,159.006200,562.692200,3334.971600,87.827900
1000,18,154.595600,570.487900,3332.577200,85.348300
1000,19,157.400200,522.360600,3338.306400,86.402700
1000,20,155.090700,561.840700,3333.570000,88.044700
1000,21,154.545400,571.491300,3327.816500,89.989700
1000,22,152.129100,510.571900,3325.362300,83.198000
1000,23,155.785400,565.584700,3343.078200,88.784500
1000,24,153.040900,549.339400,3319.680300,89.637100
1000,25,158.265400,492.031800,3329.762800,91.421700
1000,26,150.872000,562.486800,3381.592600,85.888300
1000,27,159.167700,534.684200,3314.840600,88.705100
1000,28,167.214300,559.534800,3332.621100,88.081600
1000,29,156.338000,561.075300,3344.021400,87.470400
1000,30,159.805200,537.384700,3337.246800,81.137400
1000,31,150.941200,557.418300,3331.600800,87.076200
1000,32,154.659600,555.509200,3320.353300,86.886500
1000,33,154.357700,492.902900,3359.220200,76.921800
1000,34,162.132900,557.368800,3333.300700,84.702100
1000,35,151.520700,532.684500,3327.862400,81.079800
1000,36,148.320800,562.605600,3334.415100,86.747300
1000,37,155.060000,560.667900,3331.673200,86.552900
1000,38,153.960100,514.790300,3332.509300,90.454500
1000,39,153.426200,558.156100,3341.792300,82.021000
1000,40,152.728600,505.770700,3371.150800,83.186600
1000,41,160.432100,562.723400,3349.864300,77.462700
1000,42,156.564400,568.539600,3333.735700,83.439900
1000,43,158.734100,548.921800,3343.041400,79.191900
1000,44,156.439700,566.686800,3334.324400,80.223800
1000,45,157.052900,564.358600,3340.887200,87.411400
1000,46,153.808300,497.370200,3348.867800,88.336700
1000,47,152.985600,560.564300,3396.610800,92.428200
1000,48,158.325400,525.589500,3353.735500,92.748300
1000,49,157.070500,602.854000,3384.561500,78.874300
1000,50,156.954900,551.063600,3322.766700,99.057900
1000,51,163.321300,566.189600,3336.253100,78.504900
1000,52,154.592000,566.924900,3342.979100,84.344800
1000,53,158.959000,523.254200,3333.537400,97.960300
1000,54,156.041900,584.107200,3387.041700,90.173400
1000,55,154.047800,544.033900,3347.021800,87.627900
1000,56,155.755600,562.634100,3451.960500,39.031500
1000,57,156.990100,455.007800,3341.283600,85.689100
1000,58,146.072200,534.346400,3330.504500,85.662300
1000,59,153.793900,556.690900,3338.201700,84.182000
1000,60,155.258900,560.854500,3339.183800,85.620100
1000,61,153.624600,518.249100,3346.569700,86.214600
1000,62,155.310800,558.180700,3335.572200,87.606900
1000,63,152.609900,563.640400,3331.838900,92.887500
1000,64,154.157600,498.208300,3344.683800,91.921200
1000,65,215.912100,613.614800,3364.114700,81.547000
1000,66,159.471400,518.289000,3347.977200,84.208200
1000,67,153.525700,566.104100,3345.114300,92.018400
1000,68,153.000200,551.172800,3335.649300,90.307300
1000,69,151.835500,519.392600,3329.339900,77.665200
1000,70,155.056000,555.327300,3467.049300,91.461400
1000,71,166.254700,531.854200,3355.439900,85.901700
1000,72,155.512800,560.373400,3329.323700,78.132300
1000,73,156.429100,563.768000,3339.699600,89.342600
1000,74,157.677300,518.963400,3348.766700,90.252300
1000,75,157.134800,571.757500,3345.335800,85.919800
1000,76,156.170700,551.029500,3334.161500,84.055400
1000,77,158.435800,563.121900,3363.539500,92.534600
1000,78,155.565900,594.279200,3410.472000,85.632700
1000,79,154.779500,502.136200,3340.625600,87.405200
1000,80,160.112800,560.735800,3333.717000,90.845400
1000,81,205.744600,535.046200,3331.721800,84.054300
1000,82,157.565600,564.472300,3340.160800,90.402300
1000,83,151.210300,560.585500,3334.400000,86.287800
1000,84,154.482400,548.045100,3323.815200,87.967100
1000,85,154.679400,560.986100,3343.511500,85.432400
1000,86,154.678600,559.145900,3324.313200,85.961700
1000,87,153.915300,513.108800,3343.056700,89.685200
1000,88,185.508200,561.070200,3332.886100,81.798100
1000,89,149.809600,591.863500,3332.110100,81.092700
1000,90,145.867900,561.363600,3337.617500,91.924200
1000,91,155.884000,565.710500,3348.827300,80.385000
1000,92,154.761000,520.799700,3339.042800,86.749000
1000,93,154.226800,558.911500,3326.335000,87.176200
1000,94,153.977600,559.390100,3322.133100,89.031500
1000,95,152.274300,514.496200,3330.725500,88.302600
1000,96,154.944300,560.730200,3332.824700,89.689400
1000,97,154.866900,556.854000,3322.865300,88.225400
1000,98,157.196000,500.287900,3332.800900,87.113000
1000,99,154.300600,561.722300,3328.521100,88.504300
1000,100,156.647300,546.862500,3339.463000,86.930900
